island_id,name,name_kana,region,prefecture,car_ferry_type,notes
ISL_001,利尻島,りしりとう,北海道,北海道,yes,大型カーフェリー。観光マイカー可
ISL_002,礼文島,れぶんとう,北海道,北海道,yes,
ISL_003,奥尻島,おくしりとう,北海道,北海道,yes,
ISL_004,焼尻島,やぎしりとう,北海道,北海道,yes,
ISL_005,天売島,てうりとう,北海道,北海道,yes,
ISL_006,佐渡島,さどしま,東北・北陸,新潟県,yes,
ISL_007,粟島（新潟）,あわしまにいがた,東北・北陸,新潟県,yes,
ISL_008,飛島,とびしま,東北・北陸,山形県,conditional,積載台数制限。一般観光マイカーは要確認
ISL_009,大島（気仙沼）,おおしまけせんぬま,東北・北陸,宮城県,yes,東北最大級の離島
ISL_010,網地島,あじしま,東北・北陸,宮城県,yes,
ISL_011,伊豆大島,いずおおしま,関東・伊豆,東京都,yes,東海汽船 大型貨客船
ISL_012,利島,としま,関東・伊豆,東京都,yes,
ISL_013,新島,にいじま,関東・伊豆,東京都,yes,
ISL_014,式根島,しきねじま,関東・伊豆,東京都,yes,
ISL_015,神津島,こうづしま,関東・伊豆,東京都,yes,
ISL_016,三宅島,みやけじま,関東・伊豆,東京都,yes,
ISL_017,御蔵島,みくらじま,関東・伊豆,東京都,yes,
ISL_018,八丈島,はちじょうじま,関東・伊豆,東京都,yes,
ISL_123,青ヶ島,あおがしま,関東・伊豆,東京都,yes,八丈島経由。欠航率高い（年間50%超の場合も）。定員・積載台数少ない
ISL_019,父島,ちちじま,関東・伊豆,東京都,freight_only,チッキ（貨物）扱い。ドライバーは飛行機
ISL_020,母島,ははじま,関東・伊豆,東京都,yes,父島〜母島間。自走乗船可
ISL_021,答志島,とうしじま,東海・中部,三重県,yes,
ISL_022,菅島,すがしま,東海・中部,三重県,yes,
ISL_023,坂手島,さかてじま,東海・中部,三重県,yes,
ISL_024,篠島,しのじま,東海・中部,愛知県,yes,フェリーひまわり
ISL_025,沼島,ぬしま,近畿・瀬戸内,兵庫県,yes,
ISL_026,家島,いえしま,近畿・瀬戸内,兵庫県,yes,
ISL_027,小豆島,しょうどしま,近畿・瀬戸内,香川県,yes,複数航路。瀬戸内最大クラス
ISL_028,豊島（香川）,てしまかがわ,近畿・瀬戸内,香川県,yes,
ISL_029,直島,なおしま,近畿・瀬戸内,香川県,yes,観光マイカーは制限あり
ISL_030,男木島,おぎしま,近畿・瀬戸内,香川県,yes,
ISL_031,女木島,めぎしま,近畿・瀬戸内,香川県,yes,
ISL_032,本島（香川）,ほんじまかがわ,近畿・瀬戸内,香川県,yes,
ISL_033,広島（丸亀）,ひろしままるかめ,近畿・瀬戸内,香川県,yes,
ISL_034,手島（丸亀）,てしままるかめ,近畿・瀬戸内,香川県,yes,
ISL_035,佐柳島,さなぎしま,近畿・瀬戸内,香川県,yes,
ISL_036,高見島,たかみじま,近畿・瀬戸内,香川県,yes,
ISL_037,粟島（香川）,あわしまかがわ,近畿・瀬戸内,香川県,yes,小型フェリー
ISL_038,前島,まえしま,近畿・瀬戸内,岡山県,yes,
ISL_039,岩城島,いわぎじま,近畿・瀬戸内,愛媛県,yes,ゆめしま海道
ISL_040,生名島,いきなじま,近畿・瀬戸内,愛媛県,yes,ゆめしま海道
ISL_041,弓削島,ゆげじま,近畿・瀬戸内,愛媛県,yes,ゆめしま海道
ISL_042,魚島,うおしま,近畿・瀬戸内,愛媛県,yes,
ISL_043,大崎上島,おおさきかみじま,近畿・瀬戸内,広島県,yes,
ISL_124,岡村島,おかむらじま,近畿・瀬戸内,愛媛県,yes,今治市営せきぜん渡船（第二せきぜん）でアクセス。大崎上島とのフェリー接続もあり
ISL_125,大下島,おおしたじま,近畿・瀬戸内,愛媛県,yes,今治市営せきぜん渡船経由。岡村島への中間島
ISL_126,小大下島,こおしたじま,近畿・瀬戸内,愛媛県,yes,今治市営せきぜん渡船経由。岡村島への中間島
ISL_044,阿多田島,あたたじま,近畿・瀬戸内,広島県,yes,
ISL_045,江田島・能美島,えたじまのうみじま,近畿・瀬戸内,広島県,yes,
ISL_046,隠岐・島後（西郷）,おきどうご,山陰,島根県,yes,大型カーフェリー
ISL_047,隠岐・西ノ島,おきにしのしま,山陰,島根県,yes,
ISL_048,隠岐・中ノ島（海士町）,おきなかのしま,山陰,島根県,yes,
ISL_049,隠岐・知夫里島,おきちぶりじま,山陰,島根県,yes,
ISL_050,大島（山口・萩）,おおしまやまぐち,山陰・山口,山口県,yes,
ISL_051,平郡島,へぐりじま,山陰・山口,山口県,yes,
ISL_052,大津島,おおづしま,山陰・山口,山口県,yes,
ISL_053,蓋井島,ふたおいじま,山陰・山口,山口県,yes,
ISL_054,中島（愛媛）,なかじまえひめ,四国,愛媛県,yes,
ISL_055,興居島,ごごしま,四国,愛媛県,yes,
ISL_056,戸島（愛媛）,とじまえひめ,四国,愛媛県,yes,
ISL_057,日振島,ひぶりじま,四国,愛媛県,yes,
ISL_058,沖の島（高知）,おきのしまこうち,四国,高知県,yes,
ISL_059,能古島,のこのしま,九州北部,福岡県,yes,
ISL_060,大島（宗像）,おおしまむなかた,九州北部,福岡県,yes,
ISL_061,姫島（大分）,ひめしまおおいた,九州北部,大分県,yes,
ISL_062,大入島,おおにゅうじま,九州北部,大分県,yes,
ISL_063,対馬,つしま,九州北部,長崎県,yes,
ISL_064,壱岐,いき,九州北部,長崎県,yes,
ISL_065,宇久島,うくじま,九州北部,長崎県,yes,
ISL_066,小値賀島,おぢかじま,九州北部,長崎県,yes,
ISL_067,中通島（上五島）,なかどおりじま,九州北部,長崎県,yes,
ISL_068,奈留島,なるしま,九州北部,長崎県,yes,
ISL_069,久賀島,ひさかじま,九州北部,長崎県,yes,
ISL_070,福江島（下五島）,ふくえじま,九州北部,長崎県,yes,
ISL_071,池島,いけしま,九州北部,長崎県,yes,
ISL_072,度島,たくしま,九州北部,長崎県,yes,
ISL_073,大島（平戸）,おおしまひらど,九州北部,長崎県,yes,
ISL_074,黒島（佐世保）,くろしまさせぼ,九州北部,長崎県,yes,
ISL_075,御所浦島,ごしょうらじま,九州南部,熊本県,yes,
ISL_076,獅子島,ししじま,九州南部,鹿児島県,yes,
ISL_077,島野浦島,しまのうらじま,九州南部,宮崎県,yes,
ISL_078,甑島列島,こしきじまれつとう,九州南部,鹿児島県,yes,甑大橋で上中下甑連結
ISL_079,黒島（三島村）,くろしまみしまむら,九州南部,鹿児島県,yes,
ISL_080,硫黄島（三島村）,いおうじまみしまむら,九州南部,鹿児島県,yes,
ISL_081,竹島（三島村）,たけしまみしまむら,九州南部,鹿児島県,yes,
ISL_082,口永良部島,くちのえらぶじま,九州南部,鹿児島県,yes,屋久島経由
ISL_083,屋久島,やくしま,九州南部,鹿児島県,yes,
ISL_084,種子島,たねがしま,九州南部,鹿児島県,yes,
ISL_085,口之島,くちのしま,九州南部,鹿児島県,yes,トカラ列島
ISL_086,中之島（トカラ）,なかのしまとから,九州南部,鹿児島県,yes,トカラ列島
ISL_087,平島,たいらじま,九州南部,鹿児島県,yes,トカラ列島
ISL_088,諏訪之瀬島,すわのせじま,九州南部,鹿児島県,yes,トカラ列島
ISL_089,悪石島,あくせきじま,九州南部,鹿児島県,yes,トカラ列島
ISL_090,小宝島,こだからじま,九州南部,鹿児島県,yes,トカラ列島
ISL_091,宝島,たからじまとから,九州南部,鹿児島県,yes,トカラ列島
ISL_092,奄美大島,あまみおおしま,奄美,鹿児島県,yes,
ISL_093,喜界島,きかいじま,奄美,鹿児島県,yes,
ISL_094,加計呂麻島,かけろまじま,奄美,鹿児島県,yes,奄美大島・古仁屋から
ISL_095,請島,うけしま,奄美,鹿児島県,yes,小型フェリー。車両航送可
ISL_096,与路島,よろしま,奄美,鹿児島県,yes,小型フェリー。車両航送可
ISL_097,徳之島,とくのしま,奄美,鹿児島県,yes,
ISL_098,沖永良部島,おきのえらぶじま,奄美,鹿児島県,yes,
ISL_099,与論島,よろんじま,奄美,鹿児島県,yes,
ISL_100,伊江島,いえじま,沖縄本島周辺,沖縄県,yes,
ISL_101,伊平屋島,いへやじま,沖縄本島周辺,沖縄県,yes,
ISL_102,伊ぜ名島,いぜなじま,沖縄本島周辺,沖縄県,yes,
ISL_103,粟国島,あぐにじま,沖縄本島周辺,沖縄県,yes,
ISL_104,渡名喜島,となきじま,沖縄本島周辺,沖縄県,yes,
ISL_105,久米島,くめじま,沖縄本島周辺,沖縄県,yes,
ISL_106,渡嘉敷島,とかしきじま,沖縄慶良間,沖縄県,yes,
ISL_107,座間味島,ざまみじま,沖縄慶良間,沖縄県,yes,
ISL_108,阿嘉島,あかしま,沖縄慶良間,沖縄県,yes,
ISL_109,津堅島,つけんじま,沖縄本島周辺,沖縄県,yes,
ISL_110,久高島,くだかじま,沖縄本島周辺,沖縄県,yes,
ISL_111,多良間島,たらまじま,宮古,沖縄県,yes,自走乗船可
ISL_121,宮古島,みやこじま,宮古,沖縄県,freight_only,本土からの一般車フェリーなし。琉球海運RO-RO船またはアイランデクスで貨物委託。ドライバーは飛行機
ISL_122,石垣島,いしがきじま,八重山,沖縄県,freight_only,本土・那覇からのマイカー輸送は貨物船委託。島内は自走可。八重山各島フェリーの拠点
ISL_112,竹富島,たけとみじま,八重山,沖縄県,conditional,観光マイカー実質不可。島民・業務車両は可
ISL_113,小浜島,こはまじま,八重山,沖縄県,yes,
ISL_114,黒島（八重山）,くろしまやえやま,八重山,沖縄県,yes,
ISL_115,西表島,いりおもてじま,八重山,沖縄県,yes,週数便の貨客フェリー
ISL_116,鳩間島,はとまじま,八重山,沖縄県,yes,週数便
ISL_117,波照間島,はてるまじま,八重山,沖縄県,yes,週3便程度。欠航多い
ISL_118,与那国島,よなぐにじま,八重山,沖縄県,yes,週2往復
ISL_119,南大東島,みなみだいとうじま,大東,沖縄県,yes,外洋。揺れ強い
ISL_120,北大東島,きただいとうじま,大東,沖縄県,yes,外洋。揺れ強い
