port_id,port_name,city,prefecture,lat,lng
PORT_001,稚内港,稚内市,北海道,45.4179,141.6807
PORT_002,江差港,江差町,北海道,41.6640,140.4180
PORT_003,せたな港,せたな町,北海道,42.4189,139.8743
PORT_004,羽幌港,羽幌町,北海道,44.3665,141.6972
PORT_005,新潟港,新潟市,新潟県,37.9544,139.1138
PORT_006,直江津港,上越市,新潟県,37.1925,138.2601
PORT_007,岩船港,村上市,新潟県,38.1905,139.4319
PORT_008,酒田港,酒田市,山形県,38.9165,139.8347
PORT_009,気仙沼港,気仙沼市,宮城県,38.9064,141.5747
PORT_010,石巻港,石巻市,宮城県,38.4278,141.3068
PORT_011,東京港（竹芝）,港区,東京都,35.6548,139.7642
PORT_012,熱海港,熱海市,静岡県,35.0894,139.0761
PORT_013,伊東港,伊東市,静岡県,34.9691,139.1030
PORT_014,下田港,下田市,静岡県,34.6750,138.9461
PORT_015,鳥羽港,鳥羽市,三重県,34.3911,136.9075
PORT_016,師崎港,南知多町,愛知県,34.6977,136.9725
PORT_017,土生港（洲本）,南あわじ市,兵庫県,34.2532,134.7167
PORT_018,姫路港,姫路市,兵庫県,34.7847,134.6629
PORT_019,高松港,高松市,香川県,34.3516,134.0504
PORT_020,新岡山港,玉野市,岡山県,34.4887,133.8831
PORT_021,宇野港,玉野市,岡山県,34.5104,133.9659
PORT_022,丸亀港,丸亀市,香川県,34.2948,133.7908
PORT_023,多度津港,多度津町,香川県,34.2828,133.7616
PORT_024,宮の下港（三豊）,三豊市,香川県,34.1833,133.6833
PORT_025,牛窓港,瀬戸内市,岡山県,34.6205,134.1486
PORT_026,土生港（因島）,尾道市,広島県,34.2812,133.1801
PORT_027,竹原港,竹原市,広島県,34.3386,132.9140
PORT_028,安芸津港,東広島市,広島県,34.3170,132.8181
PORT_029,今治港,今治市,愛媛県,34.0700,133.0049
PORT_030,七類港,松江市,島根県,35.5712,133.2292
PORT_031,境港,境港市,鳥取県,35.5452,133.2227
PORT_032,広島港（宇品）,広島市,広島県,34.3527,132.4551
PORT_033,徳山港,周南市,山口県,34.0498,131.7989
PORT_034,吉見港,下関市,山口県,33.9408,130.9206
PORT_035,三津浜港・高浜港,松山市,愛媛県,33.8625,132.7288
PORT_036,宇和島港,宇和島市,愛媛県,33.2288,132.5473
PORT_037,博多港,福岡市,福岡県,33.6283,130.3569
PORT_038,神湊港,宗像市,福岡県,33.8529,130.4835
PORT_039,伊美港,国東市,大分県,33.6848,131.6004
PORT_040,佐伯港,佐伯市,大分県,32.9680,131.9155
PORT_041,長崎港,長崎市,長崎県,32.7346,129.8619
PORT_042,佐世保港,佐世保市,長崎県,33.1517,129.7140
PORT_043,平戸港,平戸市,長崎県,33.3776,129.5559
PORT_044,相浦港,佐世保市,長崎県,33.1838,129.6410
PORT_045,唐津港,唐津市,佐賀県,33.4764,129.9497
PORT_046,棚底港,天草市,熊本県,32.4066,130.3417
PORT_047,諸浦港,天草市,熊本県,32.3167,130.1167
PORT_048,水俣港,水俣市,熊本県,32.2109,130.3940
PORT_049,浦城港,延岡市,宮崎県,32.6466,131.7433
PORT_050,串木野新港,いちき串木野市,鹿児島県,31.7223,130.2530
PORT_051,鹿児島港（南埠頭）,鹿児島市,鹿児島県,31.6196,130.6345
PORT_052,屋久島港（宮之浦）,屋久島町,鹿児島県,30.4327,130.5714
PORT_053,古仁屋港,瀬戸内町,鹿児島県,28.2000,129.3000
PORT_054,那覇港（泊港）,那覇市,沖縄県,26.2253,127.6828
PORT_055,本部港,本部町,沖縄県,26.6413,127.8801
PORT_056,運天港,今帰仁村,沖縄県,26.6778,127.9966
PORT_057,平敷屋港,うるま市,沖縄県,26.3090,127.9218
PORT_058,安座真港,南城市,沖縄県,26.1810,127.8258
PORT_059,平良港（宮古）,宮古島市,沖縄県,24.7974,125.2734
PORT_060,石垣港（離島ターミナル）,石垣市,沖縄県,24.3376,124.1555
PORT_061,姪浜港,福岡市,福岡県,33.5972,130.3274
PORT_062,薄香港,平戸市,長崎県,33.3737,129.5439
PORT_063,小方港,大竹市,広島県,34.2424,132.2223
PORT_064,宿毛港,宿毛市,高知県,32.9272,132.6833
PORT_065,萩港,萩市,山口県,34.4235,131.3990
PORT_066,柳井港,柳井市,山口県,33.9583,132.1343
PORT_067,大道港（天草）,天草市,熊本県,32.3500,130.1500
PORT_068,日生港,備前市,岡山県,34.7312,134.2692
PORT_069,神戸港（六甲アイランド）,神戸市,兵庫県,34.6883,135.2704
PORT_070,名瀬港（奄美大島）,奄美市,鹿児島県,28.3806,129.4964
PORT_071,亀徳港（徳之島）,徳之島町,鹿児島県,27.7806,129.0147
PORT_072,和泊港（沖永良部島）,和泊町,鹿児島県,27.4018,128.6623
PORT_073,有明港（東京）,江東区,東京都,35.6276,139.7889
PORT_074,南港（大阪）,大阪市,大阪府,34.6197,135.4324
PORT_075,谷山港（鹿児島）,鹿児島市,鹿児島県,31.4963,130.5234
PORT_076,名古屋港,名古屋市,愛知県,35.0932,136.8819
PORT_077,六甲アイランド港,神戸市,兵庫県,34.6964,135.2842
