ferry_company,route_description,vehicle_class,max_len_cm,price_one_way_yen,height_limit_cm,hiace_applicable,source_url,notes
ハートランドフェリー,稚内〜利尻島（鴛泊）,5m未満,500,27400,,要確認,https://heartlandferry.jp/faretable/,幅2.5m以下制限あり。高さ制限記載なし
ハートランドフェリー,稚内〜礼文島（香深）,5m未満,500,30710,,要確認,https://heartlandferry.jp/faretable/,運転者1名2等席込み
ハートランドフェリー,江差〜奥尻島,5m未満,500,27030,,要確認,https://heartlandferry.jp/faretable/okushiri-route/,
羽幌沿海フェリー,羽幌〜天売島,5m未満,500,14640,370,OK,https://haboro-enkai.com/fare/,高さ3.7m未満。220cmは問題なし
羽幌沿海フェリー,羽幌〜焼尻島,5m未満,500,10040,370,OK,https://haboro-enkai.com/fare/,高さ3.7m未満
羽幌沿海フェリー,焼尻〜天売,5m未満,500,4600,370,OK,https://haboro-enkai.com/fare/,高さ3.7m未満
佐渡汽船,新潟〜両津（カーフェリー）,5m未満,500,19260,,要確認,https://www.sadokisen.co.jp/faretables/,高さ制限記載なし
佐渡汽船,直江津〜小木（カーフェリー）,5m未満,500,20880,,要確認,https://www.sadokisen.co.jp/faretables/naoetsu_ferry/,高さ制限記載なし
東海汽船,竹芝〜伊豆諸島,貨物扱いのみ,,,不明,不明,https://www.tokaikisen.co.jp/cargo/,旅客船へのマイカー積載不可。貨物船のみ（週2〜3便）
九州郵船,博多〜壱岐（郷ノ浦/芦辺）,5m未満,500,18690,,要確認,https://www.kyu-you.co.jp/price/13.html,高さ制限記載なし
九州郵船,博多〜厳原（対馬）,5m未満,500,33950,,要確認,https://www.kyu-you.co.jp/price/13.html,高さ制限記載なし
九州郵船,壱岐〜厳原（対馬）,5m未満,500,18360,,要確認,https://www.kyu-you.co.jp/price/13.html,高さ制限記載なし
隠岐汽船,七類/境港〜西郷（島後）,5m未満,500,22870,380,OK,https://www.oki-kisen.co.jp/fare/,高さ3.8m未満。220cmは問題なし
隠岐汽船,島前各港〜西郷（島後）,5m未満,500,9360,380,OK,https://www.oki-kisen.co.jp/fare/,高さ3.8m未満
マルエーフェリー,鹿児島〜名瀬（奄美大島）,5m未満,500,55550,320,OK,https://www.aline-ferry.com/kagoshima/fare/car_price/,3.2m以上は電話予約必須。220cmはWEB予約可
マルエーフェリー,鹿児島〜那覇（沖縄本島）,5m未満,500,96900,320,OK,https://www.aline-ferry.com/kagoshima/fare/car_price/,3.2m以上は電話予約必須。220cmはWEB予約可
マリックスライン,鹿児島〜奄美〜沖縄,5m未満,500,,320,OK,https://marixline.com/price_schedule/automobile_shipping_fare_table/,マルエーと共同運航。料金同水準
折田汽船,鹿児島〜屋久島（宮之浦）,5m未満,500,29500,,要確認,https://ferryyakusima2.com/timetable,ハイエース5m未満乗船実績あり
甑島商船,串木野〜甑島各港（結Lineこしき）,5m未満,500,10670,400,OK,https://www.koshikisho.co.jp/fare_yuilinekoshiki_a,高さ4.0m未満。220cmは問題なし
甑島商船,串木野〜甑島各港（フェリーニューこしき）,5m未満,500,,380,OK,,高さ3.8m未満
八重山観光フェリー,石垣〜各八重山離島,,,,,要確認,https://yaeyama.co.jp/files/docs/carfare.pdf,PDFのみ公開。貨物課0980-87-6310に問合せ要
安栄観光,石垣〜各八重山離島,,,,,要確認,https://aneikankou.co.jp/timetable/carferry,PDFのみ公開。貨物事務所0980-83-5891に問合せ要
大東海運,那覇〜南大東島〜北大東島,,,,,要確認,,料金公開情報なし。098-861-0515に問合せ要
久米商船,那覇〜久米島,5m未満,500,18800,,要確認,http://kumeline.com/fare_ticket/,高さ制限記載なし
渡嘉敷村営フェリー,那覇（泊）〜渡嘉敷島,5m未満,500,8890,,要確認,https://www.vill.tokashiki.okinawa.jp/,運転者1名旅客運賃込み
座間味村営フェリー,那覇（泊）〜座間味島・阿嘉島,5m未満,500,15560,,要確認,https://www.vill.zamami.okinawa.jp/,高さ制限記載なし
伊江村営フェリー,本部〜伊江島,5m未満,500,3990,,要確認,https://www.iejima.org/,高さ制限記載なし
多良間海運,宮古島（平良）〜多良間島,5m未満,500,35920,,要確認,,高さ制限記載なし。日曜運休
アイランデクス（car-okinawa.com）,東京/大阪/大阪/福岡/鹿児島→宮古島・石垣島・八重山・奄美各島,普通自動車,500,要見積,不明,要確認,https://car-okinawa.com/estimation/,「貨物輸送代行」。ドライバーは飛行機で移動。車のみ船積み。ハイエースワイドは大型のため公式WEB見積フォームより要問合せ。軽自動車東京→沖縄59400円が参考価格
