route_id,island_id,departure_port_id,arrival_port_name,ferry_company,ferry_name,car_ferry_type,notes,via_ports
RTE_001,ISL_001,PORT_001,鴛泊港・沓形港,ハートランドフェリー,フェリーりしり等,yes,,
RTE_002,ISL_002,PORT_001,香深港,ハートランドフェリー,フェリーれぶん等,yes,,
RTE_003,ISL_003,PORT_002,奥尻港,ハートランドフェリー,フェリーおくしり,yes,,
RTE_004,ISL_003,PORT_003,奥尻港,ハートランドフェリー,フェリーおくしり,yes,,
RTE_005,ISL_004,PORT_004,焼尻港,羽幌沿海フェリー,おろろん2,yes,,
RTE_006,ISL_005,PORT_004,天売港,羽幌沿海フェリー,おろろん2,yes,,
RTE_007,ISL_006,PORT_005,両津港,佐渡汽船,おけさ丸・ときわ丸,yes,,
RTE_008,ISL_006,PORT_006,小木港,佐渡汽船,あかね,yes,,
RTE_009,ISL_007,PORT_007,粟島港,粟島汽船,フェリーあわしま,yes,,
RTE_010,ISL_008,PORT_008,飛島港,酒田市営,とびしま,conditional,一般観光マイカーは要確認,
RTE_011,ISL_009,PORT_009,浦の浜港,気仙沼市営フェリー,,yes,,
RTE_012,ISL_010,PORT_010,網地港,網地島ライン,マーブル他,yes,,
RTE_013,ISL_011,PORT_011,岡田港・元町港,東海汽船,さるびあ丸他,yes,,
RTE_014,ISL_011,PORT_012,熱海港,東海汽船,,yes,,
RTE_015,ISL_011,PORT_014,大島港,神新汽船,,yes,,
RTE_016,ISL_012,PORT_011,利島港,東海汽船,,yes,,
RTE_017,ISL_013,PORT_011,新島港,東海汽船,,yes,,
RTE_018,ISL_013,PORT_014,新島港,神新汽船,,yes,,
RTE_019,ISL_014,PORT_011,式根島港,東海汽船,,yes,,
RTE_020,ISL_015,PORT_011,神津島港,東海汽船,,yes,,
RTE_021,ISL_015,PORT_014,神津島港,神新汽船,,yes,,
RTE_022,ISL_016,PORT_011,三宅島（三池港）,東海汽船,橘丸,yes,,
RTE_023,ISL_017,PORT_011,御蔵島港,東海汽船,橘丸,yes,,
RTE_024,ISL_018,PORT_011,八丈島（底土港）,東海汽船,橘丸,yes,,
RTE_025,ISL_019,PORT_011,父島（二見港）,小笠原海運,おがさわら丸,freight_only,チッキ扱い。要事前予約,
RTE_026,ISL_020,PORT_052,母島（沖港）,伊豆諸島開発,ははじま丸,yes,父島から乗り換え,
RTE_027,ISL_021,PORT_015,答志島,鳥羽市営・鏡浦自動車フェリー,,yes,,
RTE_028,ISL_022,PORT_015,菅島,鳥羽市営,,yes,,
RTE_029,ISL_023,PORT_015,坂手島,鳥羽市営,,yes,,
RTE_030,ISL_024,PORT_016,篠島,名鉄海上観光船,フェリーひまわり,yes,,
RTE_031,ISL_025,PORT_017,沼島港,沼島汽船,フェリーなだ,yes,,
RTE_032,ISL_026,PORT_018,家島港,高福ライナー他,,yes,,
RTE_033,ISL_027,PORT_019,坂手港・池田港・土庄港,四国フェリー,,yes,,
RTE_034,ISL_027,PORT_018,福田港,姫路〜小豆島,国際両備フェリー,yes,,
RTE_035,ISL_027,PORT_020,大部港,両備フェリー,,yes,,
RTE_036,ISL_027,PORT_068,大部港,日生〜小豆島,,yes,,
RTE_037,ISL_027,PORT_069,坂手港,ジャンボフェリー,,yes,,
RTE_038,ISL_028,PORT_021,家浦港・唐櫃港,小豆島豊島フェリー,,yes,,
RTE_039,ISL_029,PORT_021,宮浦港,四国汽船,,yes,観光マイカー制限あり,
RTE_040,ISL_029,PORT_019,宮浦港,四国汽船,,yes,,
RTE_041,ISL_030,PORT_019,男木島,雌雄島海運,めおん2,yes,,
RTE_042,ISL_031,PORT_019,女木島,雌雄島海運,めおん2,yes,,
RTE_043,ISL_032,PORT_022,本島港,本島汽船,,yes,,
RTE_044,ISL_033,PORT_022,広島港,本島汽船,,yes,,
RTE_045,ISL_034,PORT_022,手島港,本島汽船,,yes,,
RTE_046,ISL_035,PORT_023,佐柳島港,三洋汽船,フェリーたかみ,yes,,
RTE_047,ISL_036,PORT_023,高見島港,三洋汽船,フェリーたかみ,yes,,
RTE_048,ISL_037,PORT_024,粟島港,三豊市営,,yes,,
RTE_049,ISL_038,PORT_025,前島港,前島フェリー,,yes,,
RTE_050,ISL_039,PORT_026,岩城港,岩城汽船,,yes,,
RTE_051,ISL_040,PORT_026,生名港,家老渡フェリー,,yes,,
RTE_052,ISL_041,PORT_026,弓削港,三光汽船,,yes,,
RTE_053,ISL_042,PORT_026,魚島港,上島町営,ニューうおしま,yes,,
RTE_054,ISL_043,PORT_027,白水港・垂水港,山陽商船・大崎汽船,,yes,,
RTE_055,ISL_043,PORT_028,大西港,藤井汽船,,yes,,
RTE_056,ISL_043,PORT_029,木江港,大崎汽船,,yes,,
RTE_057,ISL_044,PORT_063,阿多田港,阿多田島汽船,,yes,,
RTE_058,ISL_045,PORT_032,切串港・小用港・三高港,瀬戸内シーライン・江田島汽船,,yes,,
RTE_059,ISL_046,PORT_030,西郷港,隠岐汽船,しらしま・おき,yes,,
RTE_060,ISL_046,PORT_031,西郷港,隠岐汽船,しらしま・おき,yes,,
RTE_061,ISL_047,PORT_030,別府港,隠岐汽船,,yes,,
RTE_062,ISL_047,PORT_031,別府港,隠岐汽船,,yes,,
RTE_063,ISL_048,PORT_030,菱浦港,隠岐汽船,,yes,,
RTE_064,ISL_048,PORT_031,菱浦港,隠岐汽船,,yes,,
RTE_065,ISL_049,PORT_030,来居港,隠岐汽船,,yes,,
RTE_066,ISL_049,PORT_031,来居港,隠岐汽船,,yes,,
RTE_067,ISL_050,PORT_065,大島港,萩海運,フェリーおしま,yes,,
RTE_068,ISL_051,PORT_066,平郡港,平郡航路,フェリーへぐり,yes,,
RTE_069,ISL_052,PORT_033,大津島,大津島巡航,フェリー新大津島,yes,,
RTE_070,ISL_053,PORT_034,蓋井島,下関市営,ふるしま,yes,,
RTE_071,ISL_054,PORT_035,中島港,瀬戸内海汽船・中島汽船,フェリーなかじま,yes,,
RTE_072,ISL_055,PORT_035,由良港・泊港,ごごしま,フェリー由良,yes,,
RTE_073,ISL_056,PORT_036,戸島港,宇和島運輸・盛運汽船,しらさぎ,yes,,
RTE_074,ISL_057,PORT_036,日振島港,盛運汽船,,yes,,
RTE_075,ISL_058,PORT_064,沖の島,宿毛市営,,yes,,
RTE_076,ISL_059,PORT_061,能古島,福岡市営,フェリーのこ,yes,,
RTE_077,ISL_060,PORT_038,大島港（宗像）,宗像市営,フェリーおおしま,yes,,
RTE_078,ISL_061,PORT_039,姫島港,姫島村営,フェリー姫島,yes,,
RTE_079,ISL_062,PORT_040,大入島,大入島観光フェリー,,yes,,
RTE_080,ISL_063,PORT_037,厳原港・比田勝港,九州郵船,フェリーちくし・フェリーきずな,yes,,
RTE_081,ISL_064,PORT_037,郷ノ浦港・芦辺港,九州郵船,,yes,,
RTE_082,ISL_064,PORT_045,印通寺港,九州郵船,,yes,,
RTE_083,ISL_065,PORT_037,宇久平港,九州商船・野母商船,,yes,,
RTE_084,ISL_065,PORT_042,宇久平港,九州商船,,yes,,
RTE_085,ISL_066,PORT_037,笛吹港,九州商船・野母商船,,yes,,
RTE_086,ISL_066,PORT_042,笛吹港,九州商船,,yes,,
RTE_087,ISL_067,PORT_041,有川港・鯛ノ浦港,九州商船,,yes,,
RTE_088,ISL_067,PORT_042,有川港,九州商船,,yes,,
RTE_089,ISL_067,PORT_037,有川港,九州商船,,yes,,
RTE_090,ISL_068,PORT_041,奈留港,九州商船,,yes,,
RTE_091,ISL_069,PORT_052,久賀島,木口汽船,フェリーひさか,yes,福江島経由,
RTE_092,ISL_070,PORT_041,福江港,九州商船・野母商船,太古,yes,,
RTE_093,ISL_070,PORT_037,福江港,九州商船・野母商船,太古,yes,,
RTE_094,ISL_071,PORT_064,池島,西海沿海商船,フェリーかしま,yes,,
RTE_095,ISL_071,PORT_042,池島,西海沿海商船,フェリーかしま,yes,,
RTE_096,ISL_072,PORT_043,度島港,度島公営,フェリー度島,yes,,
RTE_097,ISL_073,PORT_062,神崎港,平戸市営,フェリー大島,yes,,
RTE_098,ISL_074,PORT_044,黒島港,黒島旅客船,フェリーくろしま,yes,,
RTE_099,ISL_075,PORT_046,御所浦港,御所浦汽船,フェリーごしょうら,yes,,
RTE_100,ISL_075,PORT_067,御所浦港,御所浦汽船,,yes,,
RTE_101,ISL_076,PORT_047,片側港,獅子島汽船,フェリーししじま,yes,,
RTE_102,ISL_076,PORT_048,片側港,獅子島汽船,フェリーししじま,yes,,
RTE_103,ISL_077,PORT_049,島野浦港,日向海運,フェリー島あつまる,yes,,
RTE_104,ISL_078,PORT_050,里港・鹿島港・長浜港,甑島商船,フェリーニューこしき,yes,,
RTE_105,ISL_079,PORT_051,黒島港,三島村,フェリーみしま,yes,,
RTE_106,ISL_080,PORT_051,硫黄島港,三島村,フェリーみしま,yes,,
RTE_107,ISL_081,PORT_051,竹島港,三島村,フェリーみしま,yes,,
RTE_108,ISL_082,PORT_052,口永良部島港,屋久島町,フェリー太陽2,yes,屋久島経由。鹿児島直行なし,
RTE_109,ISL_083,PORT_051,宮之浦港,折田汽船,フェリー屋久島2,yes,,
RTE_110,ISL_084,PORT_051,西之表港,コスモライン・新屋久島フェリー,プリンセスわかさ他,yes,,
RTE_111,ISL_085,PORT_051,口之島港,十島村,フェリーとから,yes,,
RTE_112,ISL_086,PORT_051,中之島港,十島村,フェリーとから,yes,,ISL_085
RTE_113,ISL_087,PORT_051,平島港,十島村,フェリーとから,yes,,"ISL_085,ISL_086"
RTE_114,ISL_088,PORT_051,諏訪之瀬島港,十島村,フェリーとから,yes,,"ISL_085,ISL_086,ISL_087"
RTE_115,ISL_089,PORT_051,悪石島港,十島村,フェリーとから,yes,,"ISL_085,ISL_086,ISL_087,ISL_088"
RTE_116,ISL_090,PORT_051,小宝島港,十島村,フェリーとから,yes,,"ISL_085,ISL_086,ISL_087,ISL_088,ISL_089"
RTE_117,ISL_091,PORT_051,宝島港,十島村,フェリーとから,yes,,"ISL_085,ISL_086,ISL_087,ISL_088,ISL_089,ISL_090"
RTE_118,ISL_092,PORT_051,名瀬港,マルエーフェリー・マリックスライン,フェリーあまみ他,yes,,
RTE_119,ISL_093,PORT_051,湾港,奄美海運,フェリーきかい,yes,,
RTE_120,ISL_094,PORT_053,瀬相港・生間港,瀬戸内町,フェリーかけろま,yes,奄美大島・古仁屋から,
RTE_121,ISL_095,PORT_053,請島港,瀬戸内町,せとなみ,yes,,
RTE_122,ISL_096,PORT_053,与路島港,瀬戸内町,せとなみ,yes,,
RTE_123,ISL_097,PORT_051,亀徳港,マルエーフェリー・マリックスライン,,yes,,PORT_070
RTE_124,ISL_098,PORT_051,和泊港,マルエーフェリー・マリックスライン,,yes,,"PORT_070,PORT_071"
RTE_125,ISL_099,PORT_051,供利港,マルエーフェリー・マリックスライン,,yes,,"PORT_070,PORT_071,PORT_072"
RTE_126,ISL_100,PORT_055,伊江島港,伊江村営,フェリーいえしま,yes,,
RTE_127,ISL_101,PORT_056,伊平屋港,伊平屋村営,フェリーいへや3,yes,,
RTE_128,ISL_102,PORT_056,仲田港,伊ぜな村営,フェリーいぜな尚円,yes,,
RTE_129,ISL_103,PORT_054,粟国港,粟国村営,フェリーあぐに,yes,,
RTE_130,ISL_104,PORT_054,渡名喜港,久米商船,フェリー琉球・フェリー海邦,yes,,
RTE_131,ISL_105,PORT_054,久米島港,久米商船,フェリー琉球・フェリー海邦,yes,,
RTE_132,ISL_106,PORT_054,渡嘉敷港,渡嘉敷村営,フェリーとかしき,yes,,
RTE_133,ISL_107,PORT_054,座間味港,座間味村営,フェリーざまみ3,yes,,
RTE_134,ISL_108,PORT_054,阿嘉港,座間味村営,フェリーざまみ3,yes,,
RTE_135,ISL_109,PORT_057,津堅島港,神谷観光,フェリーくがに,yes,,
RTE_136,ISL_110,PORT_058,久高港,久高海運,フェリーくだか,yes,,
RTE_137,ISL_111,PORT_059,多良間港,多良間海運,フェリーたらまゆう,yes,,
RTE_138,ISL_112,PORT_060,竹富港,八重山観光フェリー・安栄観光,かりゆし・ぱいかじ,conditional,島民・業務車両のみ実質可,
RTE_139,ISL_113,PORT_060,小浜港,八重山観光フェリー・安栄観光,,yes,,
RTE_140,ISL_114,PORT_060,黒島港,八重山観光フェリー・安栄観光,,yes,,
RTE_141,ISL_115,PORT_060,大原港・上原港,八重山観光フェリー・安栄観光,かりゆし・ぱいかじ,yes,週数便の貨客フェリー,
RTE_142,ISL_116,PORT_060,鳩間島港,八重山観光フェリー・安栄観光,,yes,週数便,
RTE_143,ISL_117,PORT_060,波照間港,安栄観光,フェリーはてるま2,yes,週3便程度。欠航多い,
RTE_144,ISL_118,PORT_060,久部良港,福山海運,フェリーよなくに,yes,週2往復,
RTE_145,ISL_119,PORT_054,南大東港,大東海運,だいとう,yes,外洋航路,
RTE_146,ISL_120,PORT_054,北大東港,大東海運,だいとう,yes,外洋航路,
RTE_147,ISL_092,PORT_054,名瀬港,マルエーフェリー・マリックスライン,,yes,那覇→(本部)→与論→沖永良部→徳之島→奄美 方向,"PORT_055,ISL_099,PORT_072,PORT_071"
RTE_148,ISL_092,PORT_055,名瀬港,マルエーフェリー・マリックスライン,,yes,本部→与論→沖永良部→徳之島→奄美 方向,"ISL_099,PORT_072,PORT_071"
RTE_149,ISL_097,PORT_054,亀徳港,マルエーフェリー・マリックスライン,,yes,那覇→(本部)→与論→沖永良部→徳之島 方向,"PORT_055,ISL_099,PORT_072"
RTE_150,ISL_097,PORT_055,亀徳港,マルエーフェリー・マリックスライン,,yes,本部→与論→沖永良部→徳之島 方向,"ISL_099,PORT_072"
RTE_151,ISL_097,PORT_072,亀徳港,マルエーフェリー・マリックスライン,,yes,和泊(沖永良部)→徳之島 方向,
RTE_152,ISL_098,PORT_054,和泊港,マルエーフェリー・マリックスライン,,yes,那覇→本部→与論→沖永良部 方向,"PORT_055,ISL_099"
RTE_153,ISL_098,PORT_055,和泊港,マルエーフェリー・マリックスライン,,yes,本部→与論→沖永良部 方向,ISL_099
RTE_154,ISL_099,PORT_054,与論港,マルエーフェリー・マリックスライン,,yes,那覇→本部→与論 方向,PORT_055
RTE_155,ISL_099,PORT_055,与論港,マルエーフェリー・マリックスライン,,yes,本部→与論 方向,
RTE_156,ISL_099,PORT_072,与論港,マルエーフェリー・マリックスライン,,yes,和泊(沖永良部)→与論 方向（ユーザー指摘）,
RTE_157,ISL_121,PORT_051,平良港（宮古島）,アイランデクス（car-okinawa.com）,琉球海運RO-RO船,freight_only,車のみ輸送。ドライバーは飛行機。ハイエースワイドは要見積,
RTE_158,ISL_121,PORT_037,平良港（宮古島）,アイランデクス（car-okinawa.com）,琉球海運RO-RO船,freight_only,車のみ輸送。ドライバーは飛行機,
RTE_159,ISL_121,PORT_073,平良港（宮古島）,アイランデクス（car-okinawa.com）,琉球海運RO-RO船,freight_only,車のみ輸送。ドライバーは飛行機,
RTE_160,ISL_121,PORT_074,平良港（宮古島）,アイランデクス（car-okinawa.com）,琉球海運RO-RO船,freight_only,車のみ輸送。ドライバーは飛行機,
RTE_161,ISL_121,PORT_054,平良港（宮古島）,アイランデクス（car-okinawa.com）,琉球海運RO-RO船,freight_only,那覇→宮古島。ドライバーは飛行機,
RTE_162,ISL_122,PORT_051,石垣港,アイランデクス（car-okinawa.com）,琉球海運RO-RO船,freight_only,車のみ輸送。ドライバーは飛行機,
RTE_163,ISL_122,PORT_037,石垣港,アイランデクス（car-okinawa.com）,琉球海運RO-RO船,freight_only,車のみ輸送。ドライバーは飛行機,
RTE_164,ISL_122,PORT_073,石垣港,アイランデクス（car-okinawa.com）,琉球海運RO-RO船,freight_only,車のみ輸送。ドライバーは飛行機,
RTE_165,ISL_122,PORT_074,石垣港,アイランデクス（car-okinawa.com）,琉球海運RO-RO船,freight_only,車のみ輸送。ドライバーは飛行機,
RTE_166,ISL_122,PORT_054,石垣港,アイランデクス（car-okinawa.com）,琉球海運RO-RO船,freight_only,那覇→石垣島。ドライバーは飛行機,
RTE_167,ISL_115,PORT_073,大原港・上原港（西表島）,アイランデクス（car-okinawa.com）,琉球海運RO-RO船,freight_only,東京→西表島。ドライバーは飛行機,
RTE_168,ISL_117,PORT_073,波照間港,アイランデクス（car-okinawa.com）,琉球海運RO-RO船,freight_only,東京→波照間島。ドライバーは飛行機,
RTE_169,ISL_118,PORT_073,久部良港（与那国島）,アイランデクス（car-okinawa.com）,琉球海運RO-RO船,freight_only,東京→与那国島。ドライバーは飛行機,
RTE_171,ISL_123,PORT_078,三宝港（青ヶ島）,東京都村営,あおがしま丸,yes,八丈島から約3時間。欠航率高く事前確認必須,
RTE_170,ISL_111,PORT_073,多良間港,アイランデクス（car-okinawa.com）,琉球海運RO-RO船,freight_only,東京→多良間島。ドライバーは飛行機,
RTE_172,ISL_124,PORT_029,岡村港,今治市営せきぜん渡船,第二せきぜん,yes,今治→大下島→小大下島→岡村 経由。所要約1時間10分,
RTE_173,ISL_125,PORT_029,大下港,今治市営せきぜん渡船,第二せきぜん,yes,今治→大下島 直行便あり,
RTE_174,ISL_126,PORT_029,小大下港,今治市営せきぜん渡船,第二せきぜん,yes,今治→大下島→小大下島 経由,
